<?xml version="1.0" encoding="utf-8"?>
<eml:eml xmlns:eml="eml://ecoinformatics.org/eml-2.1.1" xmlns:xsi="http://www.w3.org/2001/XMLSchema-instance"
         xsi:schemaLocation="eml://ecoinformatics.org/eml-2.1.1 http://rs.gbif.org/schema/eml-gbif-profile/1.2/eml.xsd"
packageId="10.15468/dl.eqe8pd"  system="http://gbif.org" scope="system"
xml:lang="en">

    <dataset>
                <alternateIdentifier>0022281-240216155721649</alternateIdentifier>
        <title>GBIF Occurrence Download 10.15468/dl.eqe8pd</title>
            <creator>
            <individualName>
                    <surName>GBIF Download Service</surName>
            </individualName>
<electronicMailAddress>support@gbif.org</electronicMailAddress>            </creator>
            <metadataProvider>
            <individualName>
                    <surName>GBIF Download Service</surName>
            </individualName>
<electronicMailAddress>support@gbif.org</electronicMailAddress>            </metadataProvider>
            <pubDate>
                2024-02-27
            </pubDate>
        <language>ENGLISH</language>
            <abstract>
                    <para>A dataset containing all occurrences available in GBIF matching the query:
{
  &quot;TaxonKey&quot; : [
    &quot;is Rhyacotriton kezeri Good &amp; Wake, 1992&quot;
  ]
}
The dataset includes records from the following constituent datasets. The full metadata for each constituent is also included in this archive:
105 records from NatureServe Network Species Occurrence Data
20 records from PSM Vertebrates Collection
1 records from Brigham Young University (BYU) Herpetology Collection (Arctos)
3 records from UTA Amphibians
262 records from MVZ Herp Collection (Arctos)
184 records from LSUMZ Herp Tissues
1 records from INSDC Sequences
4 records from Biodiversity Research and Teaching Collections - TCWC Vertebrates
3 records from LSUMZ Herps Collection
36 records from CAS Herpetology (HERP)
5 records from University of Nevada, Reno (UNR) Amphibian and Reptile Specimens (Arctos)
9 records from Field Museum of Natural History (Zoology) Amphibian and Reptile Collection
20 records from Oregon State University Herpetological Collection
197 records from UWBM Herpetology Collection (Arctos)
185 records from iNaturalist Research-grade Observations</para>
            </abstract>
            <contact>
            <individualName>
                    <surName>GBIF Download Service</surName>
            </individualName>
<electronicMailAddress>support@gbif.org</electronicMailAddress>            </contact>

    </dataset>

    <additionalMetadata>
        <metadata>
            <gbif>
                <dateStamp>2024-02-27T20:05:23Z</dateStamp>
                <citation identifier="10.15468/dl.eqe8pd">GBIF Occurrence Download 10.15468/dl.eqe8pd</citation>
                    <physical>
                        <objectName>Darwin Core Archive</objectName>
                        <characterEncoding>UTF-8</characterEncoding>
                        <dataFormat>
                            <externallyDefinedFormat>
                                <formatName>Darwin Core Archive</formatName>
                            </externallyDefinedFormat>
                        </dataFormat>
                        <distribution>
                            <online>
                                <url function="download">https://api.gbif.org/v1/occurrence/download/request/0022281-240216155721649.zip</url>
                            </online>
                        </distribution>
                    </physical>
            </gbif>
        </metadata>
    </additionalMetadata>

</eml:eml>
