<?xml version="1.0" encoding="utf-8"?>
<eml:eml xmlns:eml="eml://ecoinformatics.org/eml-2.1.1" xmlns:xsi="http://www.w3.org/2001/XMLSchema-instance"
         xsi:schemaLocation="eml://ecoinformatics.org/eml-2.1.1 http://rs.gbif.org/schema/eml-gbif-profile/1.2/eml.xsd"
packageId="807747cb-d128-4029-af64-9f4ba53c4285"  system="http://gbif.org" scope="system"
xml:lang="en">

    <dataset>
            <alternateIdentifier>10.15468/kuzcfv</alternateIdentifier>
                <alternateIdentifier>http://ipt.vertnet.org:8080/ipt/resource?r=lsumz-herp-tissues</alternateIdentifier>
                <alternateIdentifier>http://ipt.vertnet.org:8080/ipt/resource.do?r=lsumz-herp-tissues</alternateIdentifier>
                <alternateIdentifier>807747cb-d128-4029-af64-9f4ba53c4285</alternateIdentifier>
        <title>LSUMZ Herp Tissues</title>
            <creator>
            <individualName>
<givenName>Donna</givenName>                    <surName>Dittmann</surName>
            </individualName>
<organizationName>Louisiana State University Museum of Natural Science</organizationName><positionName>Collections Manager</positionName>            <address>
<deliveryPoint>119 Foster Hall</deliveryPoint><city>Baton Rouge</city><administrativeArea>LA</administrativeArea><postalCode>70803</postalCode><country>UNITED_STATES</country>            </address>
<phone>+01 225-578-2855</phone><electronicMailAddress>ddittma@lsu.edu</electronicMailAddress><onlineUrl>http://sites01.lsu.edu/wp/mns/research-collections/genetic-resources/</onlineUrl>            </creator>
            <metadataProvider>
            <individualName>
<givenName>Donna</givenName>                    <surName>Dittmann</surName>
            </individualName>
<organizationName>Louisiana State University Museum of Natural Science</organizationName><positionName>Collections Manager</positionName>            <address>
<deliveryPoint>119 Foster Hall</deliveryPoint><city>Baton Rouge</city><administrativeArea>LA</administrativeArea><postalCode>70803</postalCode><country>UNITED_STATES</country>            </address>
<phone>+01 225-578-2855</phone><electronicMailAddress>ddittma@lsu.edu</electronicMailAddress><onlineUrl>http://sites01.lsu.edu/wp/mns/research-collections/genetic-resources/</onlineUrl>            </metadataProvider>
            <associatedParty>
            <individualName>
<givenName>David</givenName>                    <surName>Bloom</surName>
            </individualName>
<organizationName>VertNet</organizationName><positionName>VertNet Programmer</positionName><electronicMailAddress>dbloom@vertnet.org</electronicMailAddress><onlineUrl>http://www.vertnet.org</onlineUrl>            <role>PROGRAMMER</role>
            </associatedParty>
            <associatedParty>
            <individualName>
<givenName>David</givenName>                    <surName>Bloom</surName>
            </individualName>
<organizationName>VertNet</organizationName><positionName>VertNet Coordinator</positionName><electronicMailAddress>dbloom@vertnet.org</electronicMailAddress><onlineUrl>http://www.vertnet.org</onlineUrl>            <role>PROGRAMMER</role>
            </associatedParty>
            <associatedParty>
            <individualName>
<givenName>John</givenName>                    <surName>Wieczorek</surName>
            </individualName>
<organizationName>Museum of Vertebrate Zoology at UC Berkeley​</organizationName><positionName>Information Architect</positionName><electronicMailAddress>tuco@berkeley.edu</electronicMailAddress>            <role>PROGRAMMER</role>
            </associatedParty>
            <pubDate>
                2016-12-22
            </pubDate>
        <language>ENGLISH</language>
            <abstract>
                    <para>About the Collection: LSU is a leader in vertebrate tissue preservation, and the museum’s frozen tissues collection is the largest of its kind in the world. Given the increasing importance of molecular studies (which rely heavily on frozen tissues), the value of this collection is certain to increase in the future.
The collection regularly provides samples of tissues to U.S. and foreign scientists. These tissues are used for a wide variety of studies in forensics, epidemiology, conservation, wildlife management, comparative molecular genetics, and phylogenetics. Many tissue samples in the collection are from Neotropical species whose habitats have been disturbed or destroyed. Thus, we have a DNA (genetic) record of those organisms, even though the species themselves may be extinct in all or part of their former range.
For information about how to obtain a tissue loan see: https://sites01.lsu.edu/wp/mns/files/2015/09/tissuegrantpolicy-2015.pdf</para>
            </abstract>
                <keywordSet>
                        <keyword>Occurrence</keyword>
                        <keywordThesaurus>GBIF Dataset Type Vocabulary: http://rs.gbif.org/vocabulary/gbif/dataset_type.xml</keywordThesaurus>
                </keywordSet>
                <keywordSet>
                        <keyword>Specimen</keyword>
                        <keywordThesaurus>GBIF Dataset Subtype Vocabulary: http://rs.gbif.org/vocabulary/gbif/dataset_subtype.xml</keywordThesaurus>
                </keywordSet>
            <additionalInfo>
                <para>http://vertnet.org/resources/norms.html</para>
            </additionalInfo>
            <intellectualRights>
                    <para>To the extent possible under law, the publisher has waived all rights to these data and has dedicated them to the <ulink url="http://creativecommons.org/publicdomain/zero/1.0/legalcode"><citetitle>Public Domain (CC0 1.0)</citetitle></ulink>. Users may copy, modify, distribute and use the work, including for commercial purposes, without restriction.</para>
            </intellectualRights>
            <distribution scope="document">
                <online>
                    <url function="information">http://appl103.lsu.edu/natsci/Collections/natscicolsearch.nsf/OpenMainPage?OpenAgent&amp;ID=1048</url>
                </online>
            </distribution>
            <coverage>
                        <taxonomicCoverage>
                                <taxonomicClassification>
                                        <taxonRankName>Class</taxonRankName>
                                    <taxonRankValue>Reptilia</taxonRankValue>
                                        <commonName>Reptiles</commonName>
                                </taxonomicClassification>
                                <taxonomicClassification>
                                        <taxonRankName>Class</taxonRankName>
                                    <taxonRankValue>Amphibia</taxonRankValue>
                                        <commonName>Amphibians</commonName>
                                </taxonomicClassification>
                        </taxonomicCoverage>
            </coverage>
            <maintenance>
                <description>
                    <para></para>
                </description>
                <maintenanceUpdateFrequency>unkown</maintenanceUpdateFrequency>
            </maintenance>
            <contact>
            <individualName>
<givenName>Donna</givenName>                    <surName>Dittmann</surName>
            </individualName>
<organizationName>Louisiana State University Museum of Natural Science</organizationName><positionName>Collections Manager</positionName>            <address>
<deliveryPoint>119 Foster Hall</deliveryPoint><city>Baton Rouge</city><administrativeArea>LA</administrativeArea><postalCode>70803</postalCode><country>UNITED_STATES</country>            </address>
<phone>+01 225-578-2855</phone><electronicMailAddress>ddittma@lsu.edu</electronicMailAddress><onlineUrl>http://sites01.lsu.edu/wp/mns/research-collections/genetic-resources/</onlineUrl>            </contact>

    </dataset>

    <additionalMetadata>
        <metadata>
            <gbif>
                <dateStamp>2024-02-27T20:05:22Z</dateStamp>
                <citation>Dittmann D (2016). LSUMZ Herp Tissues. Version 3.1. Louisiana State University Museum of Natural Science. Occurrence dataset https://doi.org/10.15468/kuzcfv accessed via GBIF.org on 2024-02-27.</citation>
            </gbif>
        </metadata>
    </additionalMetadata>

</eml:eml>
