<?xml version="1.0" encoding="utf-8"?>
<eml:eml xmlns:eml="eml://ecoinformatics.org/eml-2.1.1" xmlns:xsi="http://www.w3.org/2001/XMLSchema-instance"
         xsi:schemaLocation="eml://ecoinformatics.org/eml-2.1.1 http://rs.gbif.org/schema/eml-gbif-profile/1.2/eml.xsd"
packageId="84786a2e-f762-11e1-a439-00145eb45e9a"  system="http://gbif.org" scope="system"
xml:lang="en">

    <dataset>
            <alternateIdentifier>10.15468/iogakq</alternateIdentifier>
                <alternateIdentifier>http://ipt.vertnet.org:8080/ipt/resource?r=lsumz-herps</alternateIdentifier>
                <alternateIdentifier>http://ipt.vertnet.org:8080/ipt/resource.do?r=lsumz-herps</alternateIdentifier>
                <alternateIdentifier>84786a2e-f762-11e1-a439-00145eb45e9a</alternateIdentifier>
                <alternateIdentifier>533</alternateIdentifier>
        <title>LSUMZ Herps Collection</title>
            <creator>
            <individualName>
<givenName>Seth</givenName>                    <surName>Parker</surName>
            </individualName>
<organizationName>Louisiana State University Museum of Natural Science</organizationName><positionName>Herpetology Collections Manager</positionName>            <address>
<deliveryPoint>119 Foster Hall</deliveryPoint><city>Baton Rouge</city><administrativeArea>Louisiana</administrativeArea><postalCode>70803</postalCode><country>UNITED_STATES</country>            </address>
<phone>225-578-3669</phone><electronicMailAddress>sethparker@lsu.edu</electronicMailAddress><onlineUrl>http://sites01.lsu.edu/wp/mns/research-collections/herpetology/</onlineUrl>            </creator>
            <metadataProvider>
            <individualName>
<givenName>Seth</givenName>                    <surName>Parker</surName>
            </individualName>
<organizationName>Louisiana State University Museum of Natural Science</organizationName><positionName>Herpetology Collections Manager</positionName>            <address>
<deliveryPoint>119 Foster Hall</deliveryPoint><city>Baton Rouge</city><administrativeArea>Louisiana</administrativeArea><postalCode>70803</postalCode><country>UNITED_STATES</country>            </address>
<phone>225-578-3669</phone><electronicMailAddress>sethparker@lsu.edu</electronicMailAddress><onlineUrl>http://sites01.lsu.edu/wp/mns/research-collections/herpetology/</onlineUrl>            </metadataProvider>
            <associatedParty>
            <individualName>
<givenName>Chris</givenName>                    <surName>Austin</surName>
            </individualName>
<organizationName>Louisiana State University Museum of Natural Science</organizationName><positionName>Curator</positionName>            <address>
<deliveryPoint>119 Foster Hall</deliveryPoint><city>Baton Rouge</city><administrativeArea>Louisiana</administrativeArea><postalCode>70803</postalCode><country>UNITED_STATES</country>            </address>
<phone>225-578-2841</phone><electronicMailAddress>ccaustin@lsu.edu</electronicMailAddress><onlineUrl>http://sites01.lsu.edu/wp/mns/research-collections/herpetology/</onlineUrl>            <role>CURATOR</role>
            </associatedParty>
            <associatedParty>
            <individualName>
<givenName>David</givenName>                    <surName>Bloom</surName>
            </individualName>
<organizationName>VertNet</organizationName><positionName>VertNet Coordinator</positionName><electronicMailAddress>dbloom@vertnet.org</electronicMailAddress><onlineUrl>http://www.vertnet.org/</onlineUrl>            <role>PROGRAMMER</role>
            </associatedParty>
            <associatedParty>
            <individualName>
<givenName>David</givenName>                    <surName>Bloom</surName>
            </individualName>
<organizationName>VertNet</organizationName><positionName>VertNet Programmer</positionName><electronicMailAddress>dbloom@vertnet.org</electronicMailAddress><onlineUrl>http://www.vertnet.org/</onlineUrl>            <role>PROGRAMMER</role>
            </associatedParty>
            <associatedParty>
            <individualName>
<givenName>John</givenName>                    <surName>Wieczorek</surName>
            </individualName>
<organizationName>VertNet</organizationName><positionName>Information Architect</positionName><electronicMailAddress>tuco@berkeley.edu</electronicMailAddress><onlineUrl>http://www.vertnet.org/</onlineUrl>            <role>PROGRAMMER</role>
            </associatedParty>
            <pubDate>
                2017-01-19
            </pubDate>
        <language>ENGLISH</language>
            <abstract>
                    <para>The collection of reptiles and amphibians is comprised of more than 140,000 specimens.

The collection is extremely rich in snake species, with 359 genera and 954 species represented. The remaining herp groups are represented as follows: lizards (165 genera, 776 species), tuataras (1 genus, 1 species), turtles (54 genera, 104 species), crocodilians (8 genera, 15 species), frogs (143 genera, 682 species), salamanders (38 genera, 151 species), and caecilians (12 genera, 19 species).

The collection contains 52 holotypes (specimens representing species new to science), which is a disproportionately large number for a collection of this size. The herpetology collection is worldwide in scope. The snake skeletal collection is among the largest and most diverse in the world.

The collection of amphibians and reptiles from the Mexican state of San Luis Potosí is the largest in the world, and the collections from Honduras and Peru are among the top five in the world. Approximately 55-60 percent of the currently recognized genera of snakes are represented in the collection.</para>
            </abstract>
                <keywordSet>
                        <keyword>Occurrence</keyword>
                        <keywordThesaurus>GBIF Dataset Type Vocabulary: http://rs.gbif.org/vocabulary/gbif/dataset_type.xml</keywordThesaurus>
                </keywordSet>
                <keywordSet>
                        <keyword>Specimen</keyword>
                        <keywordThesaurus>GBIF Dataset Subtype Vocabulary: http://rs.gbif.org/vocabulary/gbif/dataset_subtype.xml</keywordThesaurus>
                </keywordSet>
            <additionalInfo>
                <para>http://vertnet.org/resources/norms.html</para>
            </additionalInfo>
            <intellectualRights>
                    <para>To the extent possible under law, the publisher has waived all rights to these data and has dedicated them to the <ulink url="http://creativecommons.org/publicdomain/zero/1.0/legalcode"><citetitle>Public Domain (CC0 1.0)</citetitle></ulink>. Users may copy, modify, distribute and use the work, including for commercial purposes, without restriction.</para>
            </intellectualRights>
            <distribution scope="document">
                <online>
                    <url function="information">http://sites01.lsu.edu/wp/mns/research-collections/herpetology/</url>
                </online>
            </distribution>
            <coverage>
                    <geographicCoverage>
                            <geographicDescription>Global with excellent collections from the Mexican state of San Luis Potosí and other collections from Honduras and Peru.</geographicDescription>
                            <boundingCoordinates>
                                <westBoundingCoordinate>-180</westBoundingCoordinate>
                                <eastBoundingCoordinate>180</eastBoundingCoordinate>
                                <northBoundingCoordinate>90</northBoundingCoordinate>
                                <southBoundingCoordinate>-90</southBoundingCoordinate>
                            </boundingCoordinates>
                    </geographicCoverage>
                        <taxonomicCoverage>
                                <taxonomicClassification>
                                        <taxonRankName>Class</taxonRankName>
                                    <taxonRankValue>amphibia</taxonRankValue>
                                </taxonomicClassification>
                                <taxonomicClassification>
                                        <taxonRankName>Class</taxonRankName>
                                    <taxonRankValue>reptilia</taxonRankValue>
                                </taxonomicClassification>
                        </taxonomicCoverage>
            </coverage>
            <maintenance>
                <description>
                    <para></para>
                </description>
                <maintenanceUpdateFrequency>unkown</maintenanceUpdateFrequency>
            </maintenance>
            <contact>
            <individualName>
<givenName>Seth</givenName>                    <surName>Parker</surName>
            </individualName>
<organizationName>Louisiana State University Museum of Natural Science</organizationName><positionName>Herpetology Collections Manager</positionName>            <address>
<deliveryPoint>119 Foster Hall</deliveryPoint><city>Baton Rouge</city><administrativeArea>Louisiana</administrativeArea><postalCode>70803</postalCode><country>UNITED_STATES</country>            </address>
<phone>225-578-3669</phone><electronicMailAddress>sethparker@lsu.edu</electronicMailAddress><onlineUrl>http://sites01.lsu.edu/wp/mns/research-collections/herpetology/</onlineUrl>            </contact>

    </dataset>

    <additionalMetadata>
        <metadata>
            <gbif>
                <dateStamp>2024-02-27T20:05:22Z</dateStamp>
                <citation>Parker S (2017). LSUMZ Herps Collection. Louisiana State University Museum of Natural Science. Occurrence dataset https://doi.org/10.15468/iogakq accessed via GBIF.org on 2024-02-27.</citation>
            </gbif>
        </metadata>
    </additionalMetadata>

</eml:eml>
