<?xml version="1.0" encoding="utf-8"?>
<eml:eml xmlns:eml="eml://ecoinformatics.org/eml-2.1.1" xmlns:xsi="http://www.w3.org/2001/XMLSchema-instance"
         xsi:schemaLocation="eml://ecoinformatics.org/eml-2.1.1 http://rs.gbif.org/schema/eml-gbif-profile/1.2/eml.xsd"
packageId="8eddc200-f535-4c65-9b4d-f723eafe607e"  system="http://gbif.org" scope="system"
xml:lang="en">

    <dataset>
            <alternateIdentifier>10.15468/3oaz5o</alternateIdentifier>
                <alternateIdentifier>http://ipt.vertnet.org:8080/ipt/resource?r=psm_verts</alternateIdentifier>
                <alternateIdentifier>http://ipt.vertnet.org:8080/ipt/resource.do?r=psm_verts</alternateIdentifier>
                <alternateIdentifier>8eddc200-f535-4c65-9b4d-f723eafe607e</alternateIdentifier>
                <alternateIdentifier>15009</alternateIdentifier>
        <title>PSM Vertebrates Collection</title>
            <creator>
            <individualName>
<givenName>Gary</givenName>                    <surName>Shugart</surName>
            </individualName>
<organizationName>Puget Sound Museum of Natural History, University of Puget Sound</organizationName><positionName>Collections Manager</positionName>            <address>
<deliveryPoint>1500 N. Warner</deliveryPoint><city>Tacoma</city><administrativeArea>WA</administrativeArea><postalCode>98416</postalCode><country>UNITED_STATES</country>            </address>
<phone>+01 206 949-9381</phone><electronicMailAddress>gshugart@pugetsound.edu</electronicMailAddress><onlineUrl>https://www.pugetsound.edu/puget-sound-museum-natural-history</onlineUrl>            </creator>
            <metadataProvider>
            <individualName>
<givenName>Gary</givenName>                    <surName>Shugart</surName>
            </individualName>
<organizationName>Puget Sound Museum of Natural History, University of Puget Sound</organizationName><positionName>Collections Manager</positionName>            <address>
<deliveryPoint>1500 N. Warner</deliveryPoint><city>Tacoma</city><administrativeArea>WA</administrativeArea><postalCode>98416</postalCode><country>UNITED_STATES</country>            </address>
<phone>+01 253-879-3356</phone><electronicMailAddress>gshugart@pugetsound.edu</electronicMailAddress><onlineUrl>https://www.pugetsound.edu/puget-sound-museum-natural-history</onlineUrl>            </metadataProvider>
            <associatedParty>
            <individualName>
<givenName>David</givenName>                    <surName>Bloom</surName>
            </individualName>
<organizationName>VertNet</organizationName><positionName>VertNet Coordinator</positionName><electronicMailAddress>dbloom@vertnet.org</electronicMailAddress><onlineUrl>http://www.vertnet.org</onlineUrl>            <role>PROGRAMMER</role>
            </associatedParty>
            <associatedParty>
            <individualName>
<givenName>John</givenName>                    <surName>Wieczorek</surName>
            </individualName>
<organizationName>Museum of Vertebrate Zoology at UC Berkeley</organizationName><positionName>Information Architect</positionName><electronicMailAddress>tuco@berkeley.edu</electronicMailAddress>            <role>PROGRAMMER</role>
            </associatedParty>
            <pubDate>
                2023-07-31
            </pubDate>
        <language>ENGLISH</language>
            <abstract>
                    <para>Most of the specimens are from Washington, Oregon, and elsewhere in western North America, but many have been acquired from other parts of the world through collecting and exchange. Specimens are being continually acquired by the museum, and the collections are growing by 1-2%/year. Many skeletons of birds and mammals have been prepared to accompany the more traditional skin collections. Especially noteworthy are the largest collections of herps and bird eggs in the Northwest and, until very recently, the largest collection of mammals in the Northwest. The bird wing collection is also of special significance, as a fifth of the bird specimens in the collection have been prepared since 1990 and thus have associated wings. Because it contains series of many species of vertebrates from throughout western North America, the Puget Sound Museum is an excellent source of material for the study of geographic variation.</para>
            </abstract>
                <keywordSet>
                        <keyword>Occurrence</keyword>
                        <keywordThesaurus>GBIF Dataset Type Vocabulary: http://rs.gbif.org/vocabulary/gbif/dataset_type.xml</keywordThesaurus>
                </keywordSet>
                <keywordSet>
                        <keyword>Specimen</keyword>
                        <keywordThesaurus>GBIF Dataset Subtype Vocabulary: http://rs.gbif.org/vocabulary/gbif/dataset_subtype.xml</keywordThesaurus>
                </keywordSet>
                <keywordSet>
                        <keyword>Occurrence</keyword>
                        <keywordThesaurus>GBIF Dataset Type Vocabulary: http://rs.gbif.org/vocabulary/gbif/dataset_type_2015-07-10.xml</keywordThesaurus>
                </keywordSet>
            <additionalInfo>
                <para>http://vertnet.org/resources/norms.html</para>
            </additionalInfo>
            <intellectualRights>
                    <para>To the extent possible under law, the publisher has waived all rights to these data and has dedicated them to the <ulink url="http://creativecommons.org/publicdomain/zero/1.0/legalcode"><citetitle>Public Domain (CC0 1.0)</citetitle></ulink>. Users may copy, modify, distribute and use the work, including for commercial purposes, without restriction.</para>
            </intellectualRights>
            <distribution scope="document">
                <online>
                    <url function="information">https://www.pugetsound.edu/puget-sound-museum-natural-history/collections-research/collections-summary</url>
                </online>
            </distribution>
            <coverage>
                    <geographicCoverage>
                            <geographicDescription>Specimen are mostly from the Oregon, Washington, British Columbia.</geographicDescription>
                            <boundingCoordinates>
                                <westBoundingCoordinate>-180</westBoundingCoordinate>
                                <eastBoundingCoordinate>180</eastBoundingCoordinate>
                                <northBoundingCoordinate>90</northBoundingCoordinate>
                                <southBoundingCoordinate>-90</southBoundingCoordinate>
                            </boundingCoordinates>
                    </geographicCoverage>
            </coverage>
            <maintenance>
                <description>
                    <para></para>
                </description>
                <maintenanceUpdateFrequency>unkown</maintenanceUpdateFrequency>
            </maintenance>
            <contact>
            <individualName>
<givenName>Gary</givenName>                    <surName>Shugart</surName>
            </individualName>
<organizationName>Puget Sound Museum of Natural History, University of Puget Sound</organizationName><positionName>Collections Manager</positionName>            <address>
<deliveryPoint>1500 N. Warner</deliveryPoint><city>Tacoma</city><administrativeArea>WA</administrativeArea><postalCode>98416</postalCode><country>UNITED_STATES</country>            </address>
<phone>+01 206 949-9381</phone><electronicMailAddress>gshugart@pugetsound.edu</electronicMailAddress><onlineUrl>https://www.pugetsound.edu/puget-sound-museum-natural-history</onlineUrl>            </contact>

    </dataset>

    <additionalMetadata>
        <metadata>
            <gbif>
                <dateStamp>2024-02-27T20:05:21Z</dateStamp>
                <citation>Shugart G (2023). PSM Vertebrates Collection. Version 8.4. Puget Sound Museum of Natural History. Occurrence dataset https://doi.org/10.15468/3oaz5o accessed via GBIF.org on 2024-02-27.</citation>
            </gbif>
        </metadata>
    </additionalMetadata>

</eml:eml>
